file,line,type,commit,author,date,time,timezone,datetime,depth,length
style.css,1,css,2a3259ab,Matti Key,2025-04-08,20:24:43,-07:00,2025-04-08T20:24:43-07:00,0,4
style.css,2,css,2a3259ab,Matti Key,2025-04-08,20:24:43,-07:00,2025-04-08T20:24:43-07:00,0,44
style.css,3,css,2a3259ab,Matti Key,2025-04-08,20:24:43,-07:00,2025-04-08T20:24:43-07:00,0,43
style.css,4,css,2a3259ab,Matti Key,2025-04-08,20:24:43,-07:00,2025-04-08T20:24:43-07:00,0,1
style.css,5,css,2a3259ab,Matti Key,2025-04-08,20:24:43,-07:00,2025-04-08T20:24:43-07:00,0,13
style.css,6,css,2a3259ab,Matti Key,2025-04-08,20:24:43,-07:00,2025-04-08T20:24:43-07:00,0,24
style.css,7,css,2a3259ab,Matti Key,2025-04-08,20:24:43,-07:00,2025-04-08T20:24:43-07:00,0,16
style.css,8,css,2a3259ab,Matti Key,2025-04-08,20:24:43,-07:00,2025-04-08T20:24:43-07:00,0,19
style.css,9,css,2a3259ab,Matti Key,2025-04-08,20:24:43,-07:00,2025-04-08T20:24:43-07:00,0,13
style.css,10,css,2a3259ab,Matti Key,2025-04-08,20:24:43,-07:00,2025-04-08T20:24:43-07:00,0,19
style.css,11,css,2a3259ab,Matti Key,2025-04-08,20:24:43,-07:00,2025-04-08T20:24:43-07:00,0,24
style.css,12,css,2a3259ab,Matti Key,2025-04-08,20:24:43,-07:00,2025-04-08T20:24:43-07:00,0,26
style.css,13,css,2a3259ab,Matti Key,2025-04-08,20:24:43,-07:00,2025-04-08T20:24:43-07:00,0,38
style.css,14,css,2a3259ab,Matti Key,2025-04-08,20:24:43,-07:00,2025-04-08T20:24:43-07:00,0,21
style.css,15,css,2a3259ab,Matti Key,2025-04-08,20:24:43,-07:00,2025-04-08T20:24:43-07:00,0,33
style.css,16,css,2a3259ab,Matti Key,2025-04-08,20:24:43,-07:00,2025-04-08T20:24:43-07:00,0,33
style.css,17,css,23a1b7ec,Matti Key,2025-04-10,21:34:02,-04:00,2025-04-10T21:34:02-04:00,0,63
style.css,18,css,c8894af3,Matti Key,2025-04-17,16:17:22,-07:00,2025-04-17T16:17:22-07:00,0,40
style.css,19,css,c8894af3,Matti Key,2025-04-17,16:17:22,-07:00,2025-04-17T16:17:22-07:00,0,40
style.css,20,css,2a3259ab,Matti Key,2025-04-08,20:24:43,-07:00,2025-04-08T20:24:43-07:00,0,0
style.css,21,css,2a3259ab,Matti Key,2025-04-08,20:24:43,-07:00,2025-04-08T20:24:43-07:00,0,7
style.css,22,css,2a3259ab,Matti Key,2025-04-08,20:24:43,-07:00,2025-04-08T20:24:43-07:00,0,17
style.css,23,css,2a3259ab,Matti Key,2025-04-08,20:24:43,-07:00,2025-04-08T20:24:43-07:00,0,0
style.css,24,css,2a3259ab,Matti Key,2025-04-08,20:24:43,-07:00,2025-04-08T20:24:43-07:00,0,7
style.css,25,css,2a3259ab,Matti Key,2025-04-08,20:24:43,-07:00,2025-04-08T20:24:43-07:00,0,17
style.css,26,css,2a3259ab,Matti Key,2025-04-08,20:24:43,-07:00,2025-04-08T20:24:43-07:00,0,0
style.css,27,css,2a3259ab,Matti Key,2025-04-08,20:24:43,-07:00,2025-04-08T20:24:43-07:00,0,6
style.css,28,css,2a3259ab,Matti Key,2025-04-08,20:24:43,-07:00,2025-04-08T20:24:43-07:00,0,7
style.css,29,css,2a3259ab,Matti Key,2025-04-08,20:24:43,-07:00,2025-04-08T20:24:43-07:00,0,21
style.css,30,css,2a3259ab,Matti Key,2025-04-08,20:24:43,-07:00,2025-04-08T20:24:43-07:00,0,14
style.css,31,css,2a3259ab,Matti Key,2025-04-08,20:24:43,-07:00,2025-04-08T20:24:43-07:00,0,18
style.css,32,css,2a3259ab,Matti Key,2025-04-08,20:24:43,-07:00,2025-04-08T20:24:43-07:00,0,14
style.css,33,css,2a3259ab,Matti Key,2025-04-08,20:24:43,-07:00,2025-04-08T20:24:43-07:00,0,0
style.css,34,css,23a1b7ec,Matti Key,2025-04-10,21:34:02,-04:00,2025-04-10T21:34:02-04:00,0,0
style.css,35,css,23a1b7ec,Matti Key,2025-04-10,21:34:02,-04:00,2025-04-10T21:34:02-04:00,0,12
style.css,36,css,23a1b7ec,Matti Key,2025-04-10,21:34:02,-04:00,2025-04-10T21:34:02-04:00,0,46
style.css,37,css,c8894af3,Matti Key,2025-04-17,16:17:22,-07:00,2025-04-17T16:17:22-07:00,0,70
style.css,38,css,23a1b7ec,Matti Key,2025-04-10,21:34:02,-04:00,2025-04-10T21:34:02-04:00,0,0
style.css,39,css,23a1b7ec,Matti Key,2025-04-10,21:34:02,-04:00,2025-04-10T21:34:02-04:00,0,14
style.css,40,css,23a1b7ec,Matti Key,2025-04-10,21:34:02,-04:00,2025-04-10T21:34:02-04:00,0,44
style.css,41,css,23a1b7ec,Matti Key,2025-04-10,21:34:02,-04:00,2025-04-10T21:34:02-04:00,0,21
style.css,42,css,23a1b7ec,Matti Key,2025-04-10,21:34:02,-04:00,2025-04-10T21:34:02-04:00,0,0
style.css,43,css,23a1b7ec,Matti Key,2025-04-10,21:34:02,-04:00,2025-04-10T21:34:02-04:00,0,6
style.css,44,css,23a1b7ec,Matti Key,2025-04-10,21:34:02,-04:00,2025-04-10T21:34:02-04:00,0,33
style.css,45,css,23a1b7ec,Matti Key,2025-04-10,21:34:02,-04:00,2025-04-10T21:34:02-04:00,0,0
style.css,46,css,c8894af3,Matti Key,2025-04-17,16:17:22,-07:00,2025-04-17T16:17:22-07:00,0,5
style.css,47,css,c8894af3,Matti Key,2025-04-17,16:17:22,-07:00,2025-04-17T16:17:22-07:00,0,10
style.css,48,css,c8894af3,Matti Key,2025-04-17,16:17:22,-07:00,2025-04-17T16:17:22-07:00,0,26
style.css,49,css,c8894af3,Matti Key,2025-04-17,16:17:22,-07:00,2025-04-17T16:17:22-07:00,0,15
style.css,50,css,c8894af3,Matti Key,2025-04-17,16:17:22,-07:00,2025-04-17T16:17:22-07:00,0,22
style.css,51,css,c8894af3,Matti Key,2025-04-17,16:17:22,-07:00,2025-04-17T16:17:22-07:00,0,0
style.css,52,css,c8894af3,Matti Key,2025-04-17,16:17:22,-07:00,2025-04-17T16:17:22-07:00,0,0
style.css,53,css,c8894af3,Matti Key,2025-04-17,16:17:22,-07:00,2025-04-17T16:17:22-07:00,0,32
style.css,54,css,c8894af3,Matti Key,2025-04-17,16:17:22,-07:00,2025-04-17T16:17:22-07:00,0,10
style.css,55,css,c8894af3,Matti Key,2025-04-17,16:17:22,-07:00,2025-04-17T16:17:22-07:00,0,26
style.css,56,css,c8894af3,Matti Key,2025-04-17,16:17:22,-07:00,2025-04-17T16:17:22-07:00,0,15
style.css,57,css,c8894af3,Matti Key,2025-04-17,16:17:22,-07:00,2025-04-17T16:17:22-07:00,0,22
style.css,58,css,c8894af3,Matti Key,2025-04-17,16:17:22,-07:00,2025-04-17T16:17:22-07:00,0,0
style.css,59,css,c8894af3,Matti Key,2025-04-17,16:17:22,-07:00,2025-04-17T16:17:22-07:00,0,0
style.css,60,css,23a1b7ec,Matti Key,2025-04-10,21:34:02,-04:00,2025-04-10T21:34:02-04:00,0,0
style.css,61,css,23a1b7ec,Matti Key,2025-04-10,21:34:02,-04:00,2025-04-10T21:34:02-04:00,0,5
style.css,62,css,23a1b7ec,Matti Key,2025-04-10,21:34:02,-04:00,2025-04-10T21:34:02-04:00,0,16
style.css,63,css,23a1b7ec,Matti Key,2025-04-10,21:34:02,-04:00,2025-04-10T21:34:02-04:00,0,19
style.css,64,css,23a1b7ec,Matti Key,2025-04-10,21:34:02,-04:00,2025-04-10T21:34:02-04:00,0,43
style.css,65,css,23a1b7ec,Matti Key,2025-04-10,21:34:02,-04:00,2025-04-10T21:34:02-04:00,0,0
style.css,66,css,23a1b7ec,Matti Key,2025-04-10,21:34:02,-04:00,2025-04-10T21:34:02-04:00,0,0
style.css,67,css,23a1b7ec,Matti Key,2025-04-10,21:34:02,-04:00,2025-04-10T21:34:02-04:00,0,5
style.css,68,css,23a1b7ec,Matti Key,2025-04-10,21:34:02,-04:00,2025-04-10T21:34:02-04:00,0,13
style.css,69,css,23a1b7ec,Matti Key,2025-04-10,21:34:02,-04:00,2025-04-10T21:34:02-04:00,0,31
style.css,70,css,23a1b7ec,Matti Key,2025-04-10,21:34:02,-04:00,2025-04-10T21:34:02-04:00,0,8
style.css,71,css,23a1b7ec,Matti Key,2025-04-10,21:34:02,-04:00,2025-04-10T21:34:02-04:00,0,13
style.css,72,css,23a1b7ec,Matti Key,2025-04-10,21:34:02,-04:00,2025-04-10T21:34:02-04:00,0,0
style.css,73,css,23a1b7ec,Matti Key,2025-04-10,21:34:02,-04:00,2025-04-10T21:34:02-04:00,0,0
style.css,74,css,23a1b7ec,Matti Key,2025-04-10,21:34:02,-04:00,2025-04-10T21:34:02-04:00,0,11
style.css,75,css,23a1b7ec,Matti Key,2025-04-10,21:34:02,-04:00,2025-04-10T21:34:02-04:00,0,17
style.css,76,css,23a1b7ec,Matti Key,2025-04-10,21:34:02,-04:00,2025-04-10T21:34:02-04:00,0,0
style.css,77,css,23a1b7ec,Matti Key,2025-04-10,21:34:02,-04:00,2025-04-10T21:34:02-04:00,0,0
style.css,78,css,23a1b7ec,Matti Key,2025-04-10,21:34:02,-04:00,2025-04-10T21:34:02-04:00,0,10
style.css,79,css,23a1b7ec,Matti Key,2025-04-10,21:34:02,-04:00,2025-04-10T21:34:02-04:00,0,13
style.css,80,css,23a1b7ec,Matti Key,2025-04-10,21:34:02,-04:00,2025-04-10T21:34:02-04:00,0,12
style.css,81,css,23a1b7ec,Matti Key,2025-04-10,21:34:02,-04:00,2025-04-10T21:34:02-04:00,0,13
style.css,82,css,23a1b7ec,Matti Key,2025-04-10,21:34:02,-04:00,2025-04-10T21:34:02-04:00,0,11
style.css,83,css,23a1b7ec,Matti Key,2025-04-10,21:34:02,-04:00,2025-04-10T21:34:02-04:00,0,22
style.css,84,css,23a1b7ec,Matti Key,2025-04-10,21:34:02,-04:00,2025-04-10T21:34:02-04:00,0,0
style.css,85,css,23a1b7ec,Matti Key,2025-04-10,21:34:02,-04:00,2025-04-10T21:34:02-04:00,0,0
style.css,86,css,23a1b7ec,Matti Key,2025-04-10,21:34:02,-04:00,2025-04-10T21:34:02-04:00,0,10
style.css,87,css,23a1b7ec,Matti Key,2025-04-10,21:34:02,-04:00,2025-04-10T21:34:02-04:00,0,13
style.css,88,css,23a1b7ec,Matti Key,2025-04-10,21:34:02,-04:00,2025-04-10T21:34:02-04:00,0,59
style.css,89,css,23a1b7ec,Matti Key,2025-04-10,21:34:02,-04:00,2025-04-10T21:34:02-04:00,0,8
style.css,90,css,23a1b7ec,Matti Key,2025-04-10,21:34:02,-04:00,2025-04-10T21:34:02-04:00,0,0
style.css,91,css,23a1b7ec,Matti Key,2025-04-10,21:34:02,-04:00,2025-04-10T21:34:02-04:00,0,3
style.css,92,css,23a1b7ec,Matti Key,2025-04-10,21:34:02,-04:00,2025-04-10T21:34:02-04:00,0,15
style.css,93,css,23a1b7ec,Matti Key,2025-04-10,21:34:02,-04:00,2025-04-10T21:34:02-04:00,0,0
style.css,94,css,23a1b7ec,Matti Key,2025-04-10,21:34:02,-04:00,2025-04-10T21:34:02-04:00,0,0
style.css,95,css,23a1b7ec,Matti Key,2025-04-10,21:34:02,-04:00,2025-04-10T21:34:02-04:00,0,23
style.css,96,css,23a1b7ec,Matti Key,2025-04-10,21:34:02,-04:00,2025-04-10T21:34:02-04:00,0,16
style.css,97,css,23a1b7ec,Matti Key,2025-04-10,21:34:02,-04:00,2025-04-10T21:34:02-04:00,0,18
style.css,98,css,23a1b7ec,Matti Key,2025-04-10,21:34:02,-04:00,2025-04-10T21:34:02-04:00,0,0
style.css,99,css,c8894af3,Matti Key,2025-04-17,16:17:22,-07:00,2025-04-17T16:17:22-07:00,0,6
style.css,100,css,c8894af3,Matti Key,2025-04-17,16:17:22,-07:00,2025-04-17T16:17:22-07:00,0,24
style.css,101,css,c8894af3,Matti Key,2025-04-17,16:17:22,-07:00,2025-04-17T16:17:22-07:00,0,0
style.css,102,css,c8894af3,Matti Key,2025-04-17,16:17:22,-07:00,2025-04-17T16:17:22-07:00,0,14
style.css,103,css,c8894af3,Matti Key,2025-04-17,16:17:22,-07:00,2025-04-17T16:17:22-07:00,0,18
style.css,104,css,c8894af3,Matti Key,2025-04-17,16:17:22,-07:00,2025-04-17T16:17:22-07:00,0,9
style.css,105,css,c8894af3,Matti Key,2025-04-17,16:17:22,-07:00,2025-04-17T16:17:22-07:00,0,11
style.css,106,css,c8894af3,Matti Key,2025-04-17,16:17:22,-07:00,2025-04-17T16:17:22-07:00,0,14
style.css,107,css,c8894af3,Matti Key,2025-04-17,16:17:22,-07:00,2025-04-17T16:17:22-07:00,0,20
style.css,108,css,c8894af3,Matti Key,2025-04-17,16:17:22,-07:00,2025-04-17T16:17:22-07:00,0,0
style.css,109,css,c8894af3,Matti Key,2025-04-17,16:17:22,-07:00,2025-04-17T16:17:22-07:00,0,21
style.css,110,css,c8894af3,Matti Key,2025-04-17,16:17:22,-07:00,2025-04-17T16:17:22-07:00,0,13
style.css,111,css,c8894af3,Matti Key,2025-04-17,16:17:22,-07:00,2025-04-17T16:17:22-07:00,0,0
style.css,112,css,23a1b7ec,Matti Key,2025-04-10,21:34:02,-04:00,2025-04-10T21:34:02-04:00,0,0
style.css,113,css,63b37af7,Matti Key,2025-04-25,11:38:54,-07:00,2025-04-25T11:38:54-07:00,0,15
style.css,114,css,63b37af7,Matti Key,2025-04-25,11:38:54,-07:00,2025-04-25T11:38:54-07:00,0,13
style.css,115,css,63b37af7,Matti Key,2025-04-25,11:38:54,-07:00,2025-04-25T11:38:54-07:00,0,59
style.css,116,css,63b37af7,Matti Key,2025-04-25,11:38:54,-07:00,2025-04-25T11:38:54-07:00,0,11
style.css,117,css,63b37af7,Matti Key,2025-04-25,11:38:54,-07:00,2025-04-25T11:38:54-07:00,0,16
style.css,118,css,63b37af7,Matti Key,2025-04-25,11:38:54,-07:00,2025-04-25T11:38:54-07:00,0,15
style.css,119,css,63b37af7,Matti Key,2025-04-25,11:38:54,-07:00,2025-04-25T11:38:54-07:00,0,16
style.css,120,css,63b37af7,Matti Key,2025-04-25,11:38:54,-07:00,2025-04-25T11:38:54-07:00,0,32
style.css,121,css,63b37af7,Matti Key,2025-04-25,11:38:54,-07:00,2025-04-25T11:38:54-07:00,0,0
style.css,122,css,63b37af7,Matti Key,2025-04-25,11:38:54,-07:00,2025-04-25T11:38:54-07:00,0,0
style.css,123,css,63b37af7,Matti Key,2025-04-25,11:38:54,-07:00,2025-04-25T11:38:54-07:00,0,26
style.css,124,css,63b37af7,Matti Key,2025-04-25,11:38:54,-07:00,2025-04-25T11:38:54-07:00,0,25
style.css,125,css,63b37af7,Matti Key,2025-04-25,11:38:54,-07:00,2025-04-25T11:38:54-07:00,0,19
style.css,126,css,63b37af7,Matti Key,2025-04-25,11:38:54,-07:00,2025-04-25T11:38:54-07:00,0,42
style.css,127,css,63b37af7,Matti Key,2025-04-25,11:38:54,-07:00,2025-04-25T11:38:54-07:00,0,13
style.css,128,css,63b37af7,Matti Key,2025-04-25,11:38:54,-07:00,2025-04-25T11:38:54-07:00,0,18
style.css,129,css,63b37af7,Matti Key,2025-04-25,11:38:54,-07:00,2025-04-25T11:38:54-07:00,0,31
style.css,130,css,63b37af7,Matti Key,2025-04-25,11:38:54,-07:00,2025-04-25T11:38:54-07:00,0,0
style.css,131,css,63b37af7,Matti Key,2025-04-25,11:38:54,-07:00,2025-04-25T11:38:54-07:00,0,0
style.css,132,css,63b37af7,Matti Key,2025-04-25,11:38:54,-07:00,2025-04-25T11:38:54-07:00,0,32
style.css,133,css,63b37af7,Matti Key,2025-04-25,11:38:54,-07:00,2025-04-25T11:38:54-07:00,0,27
style.css,134,css,63b37af7,Matti Key,2025-04-25,11:38:54,-07:00,2025-04-25T11:38:54-07:00,0,0
style.css,135,css,63b37af7,Matti Key,2025-04-25,11:38:54,-07:00,2025-04-25T11:38:54-07:00,0,0
style.css,136,css,63b37af7,Matti Key,2025-04-25,11:38:54,-07:00,2025-04-25T11:38:54-07:00,0,11
style.css,137,css,63b37af7,Matti Key,2025-04-25,11:38:54,-07:00,2025-04-25T11:38:54-07:00,0,17
style.css,138,css,63b37af7,Matti Key,2025-04-25,11:38:54,-07:00,2025-04-25T11:38:54-07:00,0,21
style.css,139,css,63b37af7,Matti Key,2025-04-25,11:38:54,-07:00,2025-04-25T11:38:54-07:00,0,0
style.css,140,css,23a1b7ec,Matti Key,2025-04-10,21:34:02,-04:00,2025-04-10T21:34:02-04:00,0,0
style.css,141,css,63b37af7,Matti Key,2025-04-25,11:38:54,-07:00,2025-04-25T11:38:54-07:00,0,12
style.css,142,css,63b37af7,Matti Key,2025-04-25,11:38:54,-07:00,2025-04-25T11:38:54-07:00,0,17
style.css,143,css,63b37af7,Matti Key,2025-04-25,11:38:54,-07:00,2025-04-25T11:38:54-07:00,0,11
style.css,144,css,63b37af7,Matti Key,2025-04-25,11:38:54,-07:00,2025-04-25T11:38:54-07:00,0,18
style.css,145,css,63b37af7,Matti Key,2025-04-25,11:38:54,-07:00,2025-04-25T11:38:54-07:00,0,0
style.css,146,css,63b37af7,Matti Key,2025-04-25,11:38:54,-07:00,2025-04-25T11:38:54-07:00,0,0
style.css,147,css,63b37af7,Matti Key,2025-04-25,11:38:54,-07:00,2025-04-25T11:38:54-07:00,0,12
style.css,148,css,63b37af7,Matti Key,2025-04-25,11:38:54,-07:00,2025-04-25T11:38:54-07:00,0,17
style.css,149,css,63b37af7,Matti Key,2025-04-25,11:38:54,-07:00,2025-04-25T11:38:54-07:00,0,16
style.css,150,css,63b37af7,Matti Key,2025-04-25,11:38:54,-07:00,2025-04-25T11:38:54-07:00,0,11
style.css,151,css,63b37af7,Matti Key,2025-04-25,11:38:54,-07:00,2025-04-25T11:38:54-07:00,0,0
style.css,152,css,6e2e0ad8,Matti Key,2025-05-01,18:04:01,-07:00,2025-05-01T18:04:01-07:00,0,0
style.css,153,css,6e2e0ad8,Matti Key,2025-05-01,18:04:01,-07:00,2025-05-01T18:04:01-07:00,0,14
style.css,154,css,6e2e0ad8,Matti Key,2025-05-01,18:04:01,-07:00,2025-05-01T18:04:01-07:00,0,18
style.css,155,css,6e2e0ad8,Matti Key,2025-05-01,18:04:01,-07:00,2025-05-01T18:04:01-07:00,0,31
style.css,156,css,6e2e0ad8,Matti Key,2025-05-01,18:04:01,-07:00,2025-05-01T18:04:01-07:00,0,35
style.css,157,css,6e2e0ad8,Matti Key,2025-05-01,18:04:01,-07:00,2025-05-01T18:04:01-07:00,0,11
style.css,158,css,6e2e0ad8,Matti Key,2025-05-01,18:04:01,-07:00,2025-05-01T18:04:01-07:00,0,0
style.css,159,css,6e2e0ad8,Matti Key,2025-05-01,18:04:01,-07:00,2025-05-01T18:04:01-07:00,0,0
style.css,160,css,6e2e0ad8,Matti Key,2025-05-01,18:04:01,-07:00,2025-05-01T18:04:01-07:00,0,19
style.css,161,css,6e2e0ad8,Matti Key,2025-05-01,18:04:01,-07:00,2025-05-01T18:04:01-07:00,0,15
style.css,162,css,6e2e0ad8,Matti Key,2025-05-01,18:04:01,-07:00,2025-05-01T18:04:01-07:00,0,17
style.css,163,css,6e2e0ad8,Matti Key,2025-05-01,18:04:01,-07:00,2025-05-01T18:04:01-07:00,0,17
style.css,164,css,6e2e0ad8,Matti Key,2025-05-01,18:04:01,-07:00,2025-05-01T18:04:01-07:00,0,0
style.css,165,css,6e2e0ad8,Matti Key,2025-05-01,18:04:01,-07:00,2025-05-01T18:04:01-07:00,0,0
style.css,166,css,6e2e0ad8,Matti Key,2025-05-01,18:04:01,-07:00,2025-05-01T18:04:01-07:00,0,8
style.css,167,css,6e2e0ad8,Matti Key,2025-05-01,18:04:01,-07:00,2025-05-01T18:04:01-07:00,0,13
style.css,168,css,6e2e0ad8,Matti Key,2025-05-01,18:04:01,-07:00,2025-05-01T18:04:01-07:00,0,58
style.css,169,css,6e2e0ad8,Matti Key,2025-05-01,18:04:01,-07:00,2025-05-01T18:04:01-07:00,0,8
style.css,170,css,6e2e0ad8,Matti Key,2025-05-01,18:04:01,-07:00,2025-05-01T18:04:01-07:00,0,12
style.css,171,css,6e2e0ad8,Matti Key,2025-05-01,18:04:01,-07:00,2025-05-01T18:04:01-07:00,0,22
style.css,172,css,6e2e0ad8,Matti Key,2025-05-01,18:04:01,-07:00,2025-05-01T18:04:01-07:00,0,15
style.css,173,css,6e2e0ad8,Matti Key,2025-05-01,18:04:01,-07:00,2025-05-01T18:04:01-07:00,0,0
style.css,174,css,6e2e0ad8,Matti Key,2025-05-01,18:04:01,-07:00,2025-05-01T18:04:01-07:00,0,0
style.css,175,css,6e2e0ad8,Matti Key,2025-05-01,18:04:01,-07:00,2025-05-01T18:04:01-07:00,0,11
style.css,176,css,6e2e0ad8,Matti Key,2025-05-01,18:04:01,-07:00,2025-05-01T18:04:01-07:00,0,13
style.css,177,css,6e2e0ad8,Matti Key,2025-05-01,18:04:01,-07:00,2025-05-01T18:04:01-07:00,0,19
style.css,178,css,6e2e0ad8,Matti Key,2025-05-01,18:04:01,-07:00,2025-05-01T18:04:01-07:00,0,10
style.css,179,css,6e2e0ad8,Matti Key,2025-05-01,18:04:01,-07:00,2025-05-01T18:04:01-07:00,0,23
style.css,180,css,6e2e0ad8,Matti Key,2025-05-01,18:04:01,-07:00,2025-05-01T18:04:01-07:00,0,0
style.css,181,css,6e2e0ad8,Matti Key,2025-05-01,18:04:01,-07:00,2025-05-01T18:04:01-07:00,0,0
style.css,182,css,6e2e0ad8,Matti Key,2025-05-01,18:04:01,-07:00,2025-05-01T18:04:01-07:00,0,16
style.css,183,css,6e2e0ad8,Matti Key,2025-05-01,18:04:01,-07:00,2025-05-01T18:04:01-07:00,0,10
style.css,184,css,6e2e0ad8,Matti Key,2025-05-01,18:04:01,-07:00,2025-05-01T18:04:01-07:00,0,11
style.css,185,css,6e2e0ad8,Matti Key,2025-05-01,18:04:01,-07:00,2025-05-01T18:04:01-07:00,0,19
style.css,186,css,6e2e0ad8,Matti Key,2025-05-01,18:04:01,-07:00,2025-05-01T18:04:01-07:00,0,21
style.css,187,css,6e2e0ad8,Matti Key,2025-05-01,18:04:01,-07:00,2025-05-01T18:04:01-07:00,0,30
style.css,188,css,6e2e0ad8,Matti Key,2025-05-01,18:04:01,-07:00,2025-05-01T18:04:01-07:00,0,21
style.css,189,css,6e2e0ad8,Matti Key,2025-05-01,18:04:01,-07:00,2025-05-01T18:04:01-07:00,0,0
style.css,190,css,6e2e0ad8,Matti Key,2025-05-01,18:04:01,-07:00,2025-05-01T18:04:01-07:00,0,0
style.css,191,css,6e2e0ad8,Matti Key,2025-05-01,18:04:01,-07:00,2025-05-01T18:04:01-07:00,0,17
style.css,192,css,6e2e0ad8,Matti Key,2025-05-01,18:04:01,-07:00,2025-05-01T18:04:01-07:00,0,13
style.css,193,css,6e2e0ad8,Matti Key,2025-05-01,18:04:01,-07:00,2025-05-01T18:04:01-07:00,0,8
style.css,194,css,6e2e0ad8,Matti Key,2025-05-01,18:04:01,-07:00,2025-05-01T18:04:01-07:00,0,23
style.css,195,css,6e2e0ad8,Matti Key,2025-05-01,18:04:01,-07:00,2025-05-01T18:04:01-07:00,0,15
style.css,196,css,6e2e0ad8,Matti Key,2025-05-01,18:04:01,-07:00,2025-05-01T18:04:01-07:00,0,0
style.css,197,css,6e2e0ad8,Matti Key,2025-05-01,18:04:01,-07:00,2025-05-01T18:04:01-07:00,0,0
style.css,198,css,6e2e0ad8,Matti Key,2025-05-01,18:04:01,-07:00,2025-05-01T18:04:01-07:00,0,5
style.css,199,css,6e2e0ad8,Matti Key,2025-05-01,18:04:01,-07:00,2025-05-01T18:04:01-07:00,0,17
style.css,200,css,6e2e0ad8,Matti Key,2025-05-01,18:04:01,-07:00,2025-05-01T18:04:01-07:00,0,15
style.css,201,css,6e2e0ad8,Matti Key,2025-05-01,18:04:01,-07:00,2025-05-01T18:04:01-07:00,0,0
style.css,202,css,6e2e0ad8,Matti Key,2025-05-01,18:04:01,-07:00,2025-05-01T18:04:01-07:00,0,0
style.css,203,css,6e2e0ad8,Matti Key,2025-05-01,18:04:01,-07:00,2025-05-01T18:04:01-07:00,0,37
style.css,204,css,6e2e0ad8,Matti Key,2025-05-01,18:04:01,-07:00,2025-05-01T18:04:01-07:00,0,12
style.css,205,css,6e2e0ad8,Matti Key,2025-05-01,18:04:01,-07:00,2025-05-01T18:04:01-07:00,0,0
style.css,206,css,6e2e0ad8,Matti Key,2025-05-01,18:04:01,-07:00,2025-05-01T18:04:01-07:00,0,0
style.css,207,css,6e2e0ad8,Matti Key,2025-05-01,18:04:01,-07:00,2025-05-01T18:04:01-07:00,0,10
style.css,208,css,6e2e0ad8,Matti Key,2025-05-01,18:04:01,-07:00,2025-05-01T18:04:01-07:00,0,36
style.css,209,css,6e2e0ad8,Matti Key,2025-05-01,18:04:01,-07:00,2025-05-01T18:04:01-07:00,0,0
style.css,210,css,6e2e0ad8,Matti Key,2025-05-01,18:04:01,-07:00,2025-05-01T18:04:01-07:00,0,0
style.css,211,css,6e2e0ad8,Matti Key,2025-05-01,18:04:01,-07:00,2025-05-01T18:04:01-07:00,0,19
style.css,212,css,6e2e0ad8,Matti Key,2025-05-01,18:04:01,-07:00,2025-05-01T18:04:01-07:00,0,18
style.css,213,css,6e2e0ad8,Matti Key,2025-05-01,18:04:01,-07:00,2025-05-01T18:04:01-07:00,0,0
index.js,1,js,63b37af7,Matti Key,2025-04-25,11:38:54,-07:00,2025-04-25T11:38:54-07:00,0,72
index.js,2,js,63b37af7,Matti Key,2025-04-25,11:38:54,-07:00,2025-04-25T11:38:54-07:00,0,0
index.js,3,js,63b37af7,Matti Key,2025-04-25,11:38:54,-07:00,2025-04-25T11:38:54-07:00,0,55
index.js,4,js,63b37af7,Matti Key,2025-04-25,11:38:54,-07:00,2025-04-25T11:38:54-07:00,0,43
index.js,5,js,63b37af7,Matti Key,2025-04-25,11:38:54,-07:00,2025-04-25T11:38:54-07:00,0,61
index.js,6,js,63b37af7,Matti Key,2025-04-25,11:38:54,-07:00,2025-04-25T11:38:54-07:00,0,55
index.js,7,js,63b37af7,Matti Key,2025-04-25,11:38:54,-07:00,2025-04-25T11:38:54-07:00,0,52
index.js,8,js,63b37af7,Matti Key,2025-04-25,11:38:54,-07:00,2025-04-25T11:38:54-07:00,0,61
index.js,9,js,63b37af7,Matti Key,2025-04-25,11:38:54,-07:00,2025-04-25T11:38:54-07:00,0,0
index.js,10,js,63b37af7,Matti Key,2025-04-25,11:38:54,-07:00,2025-04-25T11:38:54-07:00,0,18
index.js,11,js,63b37af7,Matti Key,2025-04-25,11:38:54,-07:00,2025-04-25T11:38:54-07:00,0,25
index.js,12,js,63b37af7,Matti Key,2025-04-25,11:38:54,-07:00,2025-04-25T11:38:54-07:00,0,22
index.js,13,js,63b37af7,Matti Key,2025-04-25,11:38:54,-07:00,2025-04-25T11:38:54-07:00,0,30
index.js,14,js,63b37af7,Matti Key,2025-04-25,11:38:54,-07:00,2025-04-25T11:38:54-07:00,0,55
index.js,15,js,63b37af7,Matti Key,2025-04-25,11:38:54,-07:00,2025-04-25T11:38:54-07:00,0,34
index.js,16,js,63b37af7,Matti Key,2025-04-25,11:38:54,-07:00,2025-04-25T11:38:54-07:00,0,5
index.js,17,js,63b37af7,Matti Key,2025-04-25,11:38:54,-07:00,2025-04-25T11:38:54-07:00,0,22
index.js,18,js,63b37af7,Matti Key,2025-04-25,11:38:54,-07:00,2025-04-25T11:38:54-07:00,0,30
index.js,19,js,63b37af7,Matti Key,2025-04-25,11:38:54,-07:00,2025-04-25T11:38:54-07:00,0,55
index.js,20,js,63b37af7,Matti Key,2025-04-25,11:38:54,-07:00,2025-04-25T11:38:54-07:00,0,34
index.js,21,js,63b37af7,Matti Key,2025-04-25,11:38:54,-07:00,2025-04-25T11:38:54-07:00,0,5
index.js,22,js,63b37af7,Matti Key,2025-04-25,11:38:54,-07:00,2025-04-25T11:38:54-07:00,0,22
index.js,23,js,63b37af7,Matti Key,2025-04-25,11:38:54,-07:00,2025-04-25T11:38:54-07:00,0,30
index.js,24,js,63b37af7,Matti Key,2025-04-25,11:38:54,-07:00,2025-04-25T11:38:54-07:00,0,52
index.js,25,js,63b37af7,Matti Key,2025-04-25,11:38:54,-07:00,2025-04-25T11:38:54-07:00,0,38
index.js,26,js,63b37af7,Matti Key,2025-04-25,11:38:54,-07:00,2025-04-25T11:38:54-07:00,0,5
index.js,27,js,63b37af7,Matti Key,2025-04-25,11:38:54,-07:00,2025-04-25T11:38:54-07:00,0,22
index.js,28,js,63b37af7,Matti Key,2025-04-25,11:38:54,-07:00,2025-04-25T11:38:54-07:00,0,30
index.js,29,js,63b37af7,Matti Key,2025-04-25,11:38:54,-07:00,2025-04-25T11:38:54-07:00,0,52
index.js,30,js,63b37af7,Matti Key,2025-04-25,11:38:54,-07:00,2025-04-25T11:38:54-07:00,0,38
index.js,31,js,63b37af7,Matti Key,2025-04-25,11:38:54,-07:00,2025-04-25T11:38:54-07:00,0,5
index.js,32,js,63b37af7,Matti Key,2025-04-25,11:38:54,-07:00,2025-04-25T11:38:54-07:00,0,1
index.js,33,js,63b37af7,Matti Key,2025-04-25,11:38:54,-07:00,2025-04-25T11:38:54-07:00,0,0
index.js,34,js,63b37af7,Matti Key,2025-04-25,11:38:54,-07:00,2025-04-25T11:38:54-07:00,0,0
index.js,35,js,63b37af7,Matti Key,2025-04-25,11:38:54,-07:00,2025-04-25T11:38:54-07:00,0,0
index.html,1,html,57c450df,Matti Key,2025-04-01,12:58:41,-07:00,2025-04-01T12:58:41-07:00,0,14
index.html,2,html,57c450df,Matti Key,2025-04-01,12:58:41,-07:00,2025-04-01T12:58:41-07:00,0,15
index.html,3,html,23a1b7ec,Matti Key,2025-04-10,21:34:02,-04:00,2025-04-10T21:34:02-04:00,0,5
index.html,4,html,57c450df,Matti Key,2025-04-01,12:58:41,-07:00,2025-04-01T12:58:41-07:00,0,21
index.html,5,html,57c450df,Matti Key,2025-04-01,12:58:41,-07:00,2025-04-01T12:58:41-07:00,0,69
index.html,6,html,57c450df,Matti Key,2025-04-01,12:58:41,-07:00,2025-04-01T12:58:41-07:00,0,52
index.html,7,html,2a3259ab,Matti Key,2025-04-08,20:24:43,-07:00,2025-04-08T20:24:43-07:00,0,39
index.html,8,html,bedc1fa9,Matti Key,2025-04-17,16:22:00,-07:00,2025-04-17T16:22:00-07:00,0,46
index.html,9,html,63b37af7,Matti Key,2025-04-25,11:38:54,-07:00,2025-04-25T11:38:54-07:00,0,51
index.html,10,html,23a1b7ec,Matti Key,2025-04-10,21:34:02,-04:00,2025-04-10T21:34:02-04:00,0,6
index.html,11,html,23a1b7ec,Matti Key,2025-04-10,21:34:02,-04:00,2025-04-10T21:34:02-04:00,0,5
index.html,12,html,57c450df,Matti Key,2025-04-01,12:58:41,-07:00,2025-04-01T12:58:41-07:00,0,17
index.html,13,html,23a1b7ec,Matti Key,2025-04-10,21:34:02,-04:00,2025-04-10T21:34:02-04:00,0,2
index.html,14,html,23a1b7ec,Matti Key,2025-04-10,21:34:02,-04:00,2025-04-10T21:34:02-04:00,0,99
index.html,15,html,23a1b7ec,Matti Key,2025-04-10,21:34:02,-04:00,2025-04-10T21:34:02-04:00,0,98
index.html,16,html,23a1b7ec,Matti Key,2025-04-10,21:34:02,-04:00,2025-04-10T21:34:02-04:00,0,51
index.html,17,html,23a1b7ec,Matti Key,2025-04-10,21:34:02,-04:00,2025-04-10T21:34:02-04:00,0,3
index.html,18,html,23a1b7ec,Matti Key,2025-04-10,21:34:02,-04:00,2025-04-10T21:34:02-04:00,0,63
index.html,19,html,23a1b7ec,Matti Key,2025-04-10,21:34:02,-04:00,2025-04-10T21:34:02-04:00,0,117
index.html,20,html,63b37af7,Matti Key,2025-04-25,11:38:54,-07:00,2025-04-25T11:38:54-07:00,0,0
index.html,21,html,63b37af7,Matti Key,2025-04-25,11:38:54,-07:00,2025-04-25T11:38:54-07:00,0,23
index.html,22,html,63b37af7,Matti Key,2025-04-25,11:38:54,-07:00,2025-04-25T11:38:54-07:00,0,27
index.html,23,html,63b37af7,Matti Key,2025-04-25,11:38:54,-07:00,2025-04-25T11:38:54-07:00,0,0
index.html,24,html,63b37af7,Matti Key,2025-04-25,11:38:54,-07:00,2025-04-25T11:38:54-07:00,0,20
index.html,25,html,63b37af7,Matti Key,2025-04-25,11:38:54,-07:00,2025-04-25T11:38:54-07:00,0,29
index.html,26,html,23a1b7ec,Matti Key,2025-04-10,21:34:02,-04:00,2025-04-10T21:34:02-04:00,0,6
index.html,27,html,23a1b7ec,Matti Key,2025-04-10,21:34:02,-04:00,2025-04-10T21:34:02-04:00,0,6
global.js,1,js,c8894af3,Matti Key,2025-04-17,16:17:22,-07:00,2025-04-17T16:17:22-07:00,0,26
global.js,2,js,c8894af3,Matti Key,2025-04-17,16:17:22,-07:00,2025-04-17T16:17:22-07:00,0,0
global.js,3,js,c8894af3,Matti Key,2025-04-17,16:17:22,-07:00,2025-04-17T16:17:22-07:00,0,42
global.js,4,js,c8894af3,Matti Key,2025-04-17,16:17:22,-07:00,2025-04-17T16:17:22-07:00,0,53
global.js,5,js,c8894af3,Matti Key,2025-04-17,16:17:22,-07:00,2025-04-17T16:17:22-07:00,0,0
global.js,6,js,c8894af3,Matti Key,2025-04-17,16:17:22,-07:00,2025-04-17T16:17:22-07:00,0,0
global.js,7,js,c8894af3,Matti Key,2025-04-17,16:17:22,-07:00,2025-04-17T16:17:22-07:00,0,87
global.js,8,js,c8894af3,Matti Key,2025-04-17,16:17:22,-07:00,2025-04-17T16:17:22-07:00,0,14
global.js,9,js,c8894af3,Matti Key,2025-04-17,16:17:22,-07:00,2025-04-17T16:17:22-07:00,0,15
global.js,10,js,c8894af3,Matti Key,2025-04-17,16:17:22,-07:00,2025-04-17T16:17:22-07:00,0,0
global.js,11,js,c8894af3,Matti Key,2025-04-17,16:17:22,-07:00,2025-04-17T16:17:22-07:00,0,14
global.js,12,js,c8894af3,Matti Key,2025-04-17,16:17:22,-07:00,2025-04-17T16:17:22-07:00,0,26
global.js,13,js,c8894af3,Matti Key,2025-04-17,16:17:22,-07:00,2025-04-17T16:17:22-07:00,0,37
global.js,14,js,c8894af3,Matti Key,2025-04-17,16:17:22,-07:00,2025-04-17T16:17:22-07:00,0,39
global.js,15,js,c8894af3,Matti Key,2025-04-17,16:17:22,-07:00,2025-04-17T16:17:22-07:00,0,35
global.js,16,js,c8894af3,Matti Key,2025-04-17,16:17:22,-07:00,2025-04-17T16:17:22-07:00,0,62
global.js,17,js,c8894af3,Matti Key,2025-04-17,16:17:22,-07:00,2025-04-17T16:17:22-07:00,0,1
global.js,18,js,c8894af3,Matti Key,2025-04-17,16:17:22,-07:00,2025-04-17T16:17:22-07:00,0,0
global.js,19,js,c8894af3,Matti Key,2025-04-17,16:17:22,-07:00,2025-04-17T16:17:22-07:00,0,41
global.js,20,js,c8894af3,Matti Key,2025-04-17,16:17:22,-07:00,2025-04-17T16:17:22-07:00,0,26
global.js,21,js,c8894af3,Matti Key,2025-04-17,16:17:22,-07:00,2025-04-17T16:17:22-07:00,0,0
global.js,22,js,c8894af3,Matti Key,2025-04-17,16:17:22,-07:00,2025-04-17T16:17:22-07:00,0,24
global.js,23,js,c8894af3,Matti Key,2025-04-17,16:17:22,-07:00,2025-04-17T16:17:22-07:00,0,18
global.js,24,js,c8894af3,Matti Key,2025-04-17,16:17:22,-07:00,2025-04-17T16:17:22-07:00,0,29
global.js,25,js,c8894af3,Matti Key,2025-04-17,16:17:22,-07:00,2025-04-17T16:17:22-07:00,0,21
global.js,26,js,c8894af3,Matti Key,2025-04-17,16:17:22,-07:00,2025-04-17T16:17:22-07:00,0,0
global.js,27,js,c8894af3,Matti Key,2025-04-17,16:17:22,-07:00,2025-04-17T16:17:22-07:00,0,0
global.js,28,js,c8894af3,Matti Key,2025-04-17,16:17:22,-07:00,2025-04-17T16:17:22-07:00,0,37
global.js,29,js,c8894af3,Matti Key,2025-04-17,16:17:22,-07:00,2025-04-17T16:17:22-07:00,0,12
global.js,30,js,c8894af3,Matti Key,2025-04-17,16:17:22,-07:00,2025-04-17T16:17:22-07:00,0,26
global.js,31,js,c8894af3,Matti Key,2025-04-17,16:17:22,-07:00,2025-04-17T16:17:22-07:00,0,0
global.js,32,js,c8894af3,Matti Key,2025-04-17,16:17:22,-07:00,2025-04-17T16:17:22-07:00,0,18
global.js,33,js,c8894af3,Matti Key,2025-04-17,16:17:22,-07:00,2025-04-17T16:17:22-07:00,0,9
global.js,34,js,c8894af3,Matti Key,2025-04-17,16:17:22,-07:00,2025-04-17T16:17:22-07:00,0,59
global.js,35,js,c8894af3,Matti Key,2025-04-17,16:17:22,-07:00,2025-04-17T16:17:22-07:00,0,1
global.js,36,js,c8894af3,Matti Key,2025-04-17,16:17:22,-07:00,2025-04-17T16:17:22-07:00,0,0
global.js,37,js,c8894af3,Matti Key,2025-04-17,16:17:22,-07:00,2025-04-17T16:17:22-07:00,0,30
global.js,38,js,c8894af3,Matti Key,2025-04-17,16:17:22,-07:00,2025-04-17T16:17:22-07:00,0,19
global.js,39,js,c8894af3,Matti Key,2025-04-17,16:17:22,-07:00,2025-04-17T16:17:22-07:00,0,0
global.js,40,js,c8894af3,Matti Key,2025-04-17,16:17:22,-07:00,2025-04-17T16:17:22-07:00,0,0
global.js,41,js,c8894af3,Matti Key,2025-04-17,16:17:22,-07:00,2025-04-17T16:17:22-07:00,0,18
global.js,42,js,c8894af3,Matti Key,2025-04-17,16:17:22,-07:00,2025-04-17T16:17:22-07:00,0,0
global.js,43,js,c8894af3,Matti Key,2025-04-17,16:17:22,-07:00,2025-04-17T16:17:22-07:00,0,32
global.js,44,js,c8894af3,Matti Key,2025-04-17,16:17:22,-07:00,2025-04-17T16:17:22-07:00,0,12
global.js,45,js,c8894af3,Matti Key,2025-04-17,16:17:22,-07:00,2025-04-17T16:17:22-07:00,0,0
global.js,46,js,c8894af3,Matti Key,2025-04-17,16:17:22,-07:00,2025-04-17T16:17:22-07:00,0,27
global.js,47,js,c8894af3,Matti Key,2025-04-17,16:17:22,-07:00,2025-04-17T16:17:22-07:00,0,5
global.js,48,js,c8894af3,Matti Key,2025-04-17,16:17:22,-07:00,2025-04-17T16:17:22-07:00,0,7
global.js,49,js,c8894af3,Matti Key,2025-04-17,16:17:22,-07:00,2025-04-17T16:17:22-07:00,0,44
global.js,50,js,c8894af3,Matti Key,2025-04-17,16:17:22,-07:00,2025-04-17T16:17:22-07:00,0,35
global.js,51,js,c8894af3,Matti Key,2025-04-17,16:17:22,-07:00,2025-04-17T16:17:22-07:00,0,33
global.js,52,js,c8894af3,Matti Key,2025-04-17,16:17:22,-07:00,2025-04-17T16:17:22-07:00,0,8
global.js,53,js,c8894af3,Matti Key,2025-04-17,16:17:22,-07:00,2025-04-17T16:17:22-07:00,0,9
global.js,54,js,c8894af3,Matti Key,2025-04-17,16:17:22,-07:00,2025-04-17T16:17:22-07:00,0,1
global.js,55,js,c8894af3,Matti Key,2025-04-17,16:17:22,-07:00,2025-04-17T16:17:22-07:00,0,0
global.js,56,js,c8894af3,Matti Key,2025-04-17,16:17:22,-07:00,2025-04-17T16:17:22-07:00,0,61
global.js,57,js,c8894af3,Matti Key,2025-04-17,16:17:22,-07:00,2025-04-17T16:17:22-07:00,0,0
global.js,58,js,c8894af3,Matti Key,2025-04-17,16:17:22,-07:00,2025-04-17T16:17:22-07:00,0,32
global.js,59,js,c8894af3,Matti Key,2025-04-17,16:17:22,-07:00,2025-04-17T16:17:22-07:00,0,66
global.js,60,js,c8894af3,Matti Key,2025-04-17,16:17:22,-07:00,2025-04-17T16:17:22-07:00,0,21
global.js,61,js,c8894af3,Matti Key,2025-04-17,16:17:22,-07:00,2025-04-17T16:17:22-07:00,0,0
global.js,62,js,c8894af3,Matti Key,2025-04-17,16:17:22,-07:00,2025-04-17T16:17:22-07:00,0,0
global.js,63,js,c8894af3,Matti Key,2025-04-17,16:17:22,-07:00,2025-04-17T16:17:22-07:00,0,40
global.js,64,js,c8894af3,Matti Key,2025-04-17,16:17:22,-07:00,2025-04-17T16:17:22-07:00,0,28
global.js,65,js,c8894af3,Matti Key,2025-04-17,16:17:22,-07:00,2025-04-17T16:17:22-07:00,0,21
global.js,66,js,c8894af3,Matti Key,2025-04-17,16:17:22,-07:00,2025-04-17T16:17:22-07:00,0,32
global.js,67,js,c8894af3,Matti Key,2025-04-17,16:17:22,-07:00,2025-04-17T16:17:22-07:00,0,2
global.js,68,js,c8894af3,Matti Key,2025-04-17,16:17:22,-07:00,2025-04-17T16:17:22-07:00,0,0
global.js,69,js,c8894af3,Matti Key,2025-04-17,16:17:22,-07:00,2025-04-17T16:17:22-07:00,0,35
global.js,70,js,c8894af3,Matti Key,2025-04-17,16:17:22,-07:00,2025-04-17T16:17:22-07:00,0,40
global.js,71,js,c8894af3,Matti Key,2025-04-17,16:17:22,-07:00,2025-04-17T16:17:22-07:00,0,0
global.js,72,js,c8894af3,Matti Key,2025-04-17,16:17:22,-07:00,2025-04-17T16:17:22-07:00,0,0
global.js,73,js,c8894af3,Matti Key,2025-04-17,16:17:22,-07:00,2025-04-17T16:17:22-07:00,0,43
global.js,74,js,c8894af3,Matti Key,2025-04-17,16:17:22,-07:00,2025-04-17T16:17:22-07:00,0,0
global.js,75,js,c8894af3,Matti Key,2025-04-17,16:17:22,-07:00,2025-04-17T16:17:22-07:00,0,44
global.js,76,js,c24176ed,Matti Key,2025-04-17,16:20:46,-07:00,2025-04-17T16:20:46-07:00,0,22
global.js,77,js,c8894af3,Matti Key,2025-04-17,16:17:22,-07:00,2025-04-17T16:17:22-07:00,0,0
global.js,78,js,c8894af3,Matti Key,2025-04-17,16:17:22,-07:00,2025-04-17T16:17:22-07:00,0,31
global.js,79,js,c8894af3,Matti Key,2025-04-17,16:17:22,-07:00,2025-04-17T16:17:22-07:00,0,17
global.js,80,js,c8894af3,Matti Key,2025-04-17,16:17:22,-07:00,2025-04-17T16:17:22-07:00,0,0
global.js,81,js,c8894af3,Matti Key,2025-04-17,16:17:22,-07:00,2025-04-17T16:17:22-07:00,0,31
global.js,82,js,c8894af3,Matti Key,2025-04-17,16:17:22,-07:00,2025-04-17T16:17:22-07:00,0,50
global.js,83,js,c8894af3,Matti Key,2025-04-17,16:17:22,-07:00,2025-04-17T16:17:22-07:00,0,0
global.js,84,js,c8894af3,Matti Key,2025-04-17,16:17:22,-07:00,2025-04-17T16:17:22-07:00,0,0
global.js,85,js,c8894af3,Matti Key,2025-04-17,16:17:22,-07:00,2025-04-17T16:17:22-07:00,0,30
global.js,86,js,c8894af3,Matti Key,2025-04-17,16:17:22,-07:00,2025-04-17T16:17:22-07:00,0,37
global.js,87,js,c8894af3,Matti Key,2025-04-17,16:17:22,-07:00,2025-04-17T16:17:22-07:00,0,0
global.js,88,js,c24176ed,Matti Key,2025-04-17,16:20:46,-07:00,2025-04-17T16:20:46-07:00,0,19
global.js,89,js,c8894af3,Matti Key,2025-04-17,16:17:22,-07:00,2025-04-17T16:17:22-07:00,0,2
global.js,90,js,c8894af3,Matti Key,2025-04-17,16:17:22,-07:00,2025-04-17T16:17:22-07:00,0,0
global.js,91,js,63b37af7,Matti Key,2025-04-25,11:38:54,-07:00,2025-04-25T11:38:54-07:00,0,37
global.js,92,js,63b37af7,Matti Key,2025-04-25,11:38:54,-07:00,2025-04-25T11:38:54-07:00,0,4
global.js,93,js,63b37af7,Matti Key,2025-04-25,11:38:54,-07:00,2025-04-25T11:38:54-07:00,0,40
global.js,94,js,63b37af7,Matti Key,2025-04-25,11:38:54,-07:00,2025-04-25T11:38:54-07:00,0,33
global.js,95,js,63b37af7,Matti Key,2025-04-25,11:38:54,-07:00,2025-04-25T11:38:54-07:00,0,18
global.js,96,js,63b37af7,Matti Key,2025-04-25,11:38:54,-07:00,2025-04-25T11:38:54-07:00,0,67
global.js,97,js,63b37af7,Matti Key,2025-04-25,11:38:54,-07:00,2025-04-25T11:38:54-07:00,0,0
global.js,98,js,63b37af7,Matti Key,2025-04-25,11:38:54,-07:00,2025-04-25T11:38:54-07:00,0,34
global.js,99,js,63b37af7,Matti Key,2025-04-25,11:38:54,-07:00,2025-04-25T11:38:54-07:00,0,11
global.js,100,js,63b37af7,Matti Key,2025-04-25,11:38:54,-07:00,2025-04-25T11:38:54-07:00,0,16
global.js,101,js,63b37af7,Matti Key,2025-04-25,11:38:54,-07:00,2025-04-25T11:38:54-07:00,0,60
global.js,102,js,63b37af7,Matti Key,2025-04-25,11:38:54,-07:00,2025-04-25T11:38:54-07:00,0,0
global.js,103,js,63b37af7,Matti Key,2025-04-25,11:38:54,-07:00,2025-04-25T11:38:54-07:00,0,0
global.js,104,js,63b37af7,Matti Key,2025-04-25,11:38:54,-07:00,2025-04-25T11:38:54-07:00,0,0
global.js,105,js,63b37af7,Matti Key,2025-04-25,11:38:54,-07:00,2025-04-25T11:38:54-07:00,0,80
global.js,106,js,63b37af7,Matti Key,2025-04-25,11:38:54,-07:00,2025-04-25T11:38:54-07:00,0,23
global.js,107,js,63b37af7,Matti Key,2025-04-25,11:38:54,-07:00,2025-04-25T11:38:54-07:00,0,53
global.js,108,js,63b37af7,Matti Key,2025-04-25,11:38:54,-07:00,2025-04-25T11:38:54-07:00,0,6
global.js,109,js,63b37af7,Matti Key,2025-04-25,11:38:54,-07:00,2025-04-25T11:38:54-07:00,0,0
global.js,110,js,63b37af7,Matti Key,2025-04-25,11:38:54,-07:00,2025-04-25T11:38:54-07:00,0,0
global.js,111,js,63b37af7,Matti Key,2025-04-25,11:38:54,-07:00,2025-04-25T11:38:54-07:00,0,31
global.js,112,js,63b37af7,Matti Key,2025-04-25,11:38:54,-07:00,2025-04-25T11:38:54-07:00,0,0
global.js,113,js,63b37af7,Matti Key,2025-04-25,11:38:54,-07:00,2025-04-25T11:38:54-07:00,0,32
global.js,114,js,63b37af7,Matti Key,2025-04-25,11:38:54,-07:00,2025-04-25T11:38:54-07:00,0,49
global.js,115,js,63b37af7,Matti Key,2025-04-25,11:38:54,-07:00,2025-04-25T11:38:54-07:00,0,20
global.js,116,js,63b37af7,Matti Key,2025-04-25,11:38:54,-07:00,2025-04-25T11:38:54-07:00,0,50
global.js,117,js,63b37af7,Matti Key,2025-04-25,11:38:54,-07:00,2025-04-25T11:38:54-07:00,0,50
global.js,118,js,6e2e0ad8,Matti Key,2025-05-01,18:04:01,-07:00,2025-05-01T18:04:01-07:00,0,4
global.js,119,js,6e2e0ad8,Matti Key,2025-05-01,18:04:01,-07:00,2025-05-01T18:04:01-07:00,0,28
global.js,120,js,6e2e0ad8,Matti Key,2025-05-01,18:04:01,-07:00,2025-05-01T18:04:01-07:00,0,42
global.js,121,js,6e2e0ad8,Matti Key,2025-05-01,18:04:01,-07:00,2025-05-01T18:04:01-07:00,0,5
global.js,122,js,63b37af7,Matti Key,2025-04-25,11:38:54,-07:00,2025-04-25T11:38:54-07:00,0,1
global.js,123,js,63b37af7,Matti Key,2025-04-25,11:38:54,-07:00,2025-04-25T11:38:54-07:00,0,37
global.js,124,js,63b37af7,Matti Key,2025-04-25,11:38:54,-07:00,2025-04-25T11:38:54-07:00,0,0
global.js,125,js,63b37af7,Matti Key,2025-04-25,11:38:54,-07:00,2025-04-25T11:38:54-07:00,0,0
global.js,126,js,63b37af7,Matti Key,2025-04-25,11:38:54,-07:00,2025-04-25T11:38:54-07:00,0,0
global.js,127,js,63b37af7,Matti Key,2025-04-25,11:38:54,-07:00,2025-04-25T11:38:54-07:00,0,48
global.js,128,js,63b37af7,Matti Key,2025-04-25,11:38:54,-07:00,2025-04-25T11:38:54-07:00,0,60
global.js,129,js,63b37af7,Matti Key,2025-04-25,11:38:54,-07:00,2025-04-25T11:38:54-07:00,0,0
global.js,130,js,63b37af7,Matti Key,2025-04-25,11:38:54,-07:00,2025-04-25T11:38:54-07:00,0,0
resume/index.html,1,html,0df5f7c1,Matti Key,2025-04-04,13:50:43,-07:00,2025-04-04T13:50:43-07:00,0,14
resume/index.html,2,html,0df5f7c1,Matti Key,2025-04-04,13:50:43,-07:00,2025-04-04T13:50:43-07:00,0,15
resume/index.html,3,html,23a1b7ec,Matti Key,2025-04-10,21:34:02,-04:00,2025-04-10T21:34:02-04:00,0,5
resume/index.html,4,html,0df5f7c1,Matti Key,2025-04-04,13:50:43,-07:00,2025-04-04T13:50:43-07:00,0,21
resume/index.html,5,html,0df5f7c1,Matti Key,2025-04-04,13:50:43,-07:00,2025-04-04T13:50:43-07:00,0,69
resume/index.html,6,html,0df5f7c1,Matti Key,2025-04-04,13:50:43,-07:00,2025-04-04T13:50:43-07:00,0,31
resume/index.html,7,html,23a1b7ec,Matti Key,2025-04-10,21:34:02,-04:00,2025-04-10T21:34:02-04:00,0,42
resume/index.html,8,html,c8894af3,Matti Key,2025-04-17,16:17:22,-07:00,2025-04-17T16:17:22-07:00,0,49
resume/index.html,9,html,23a1b7ec,Matti Key,2025-04-10,21:34:02,-04:00,2025-04-10T21:34:02-04:00,0,6
resume/index.html,10,html,23a1b7ec,Matti Key,2025-04-10,21:34:02,-04:00,2025-04-10T21:34:02-04:00,0,5
resume/index.html,11,html,23a1b7ec,Matti Key,2025-04-10,21:34:02,-04:00,2025-04-10T21:34:02-04:00,0,17
resume/index.html,12,html,23a1b7ec,Matti Key,2025-04-10,21:34:02,-04:00,2025-04-10T21:34:02-04:00,0,136
resume/index.html,13,html,0df5f7c1,Matti Key,2025-04-04,13:50:43,-07:00,2025-04-04T13:50:43-07:00,0,8
resume/index.html,14,html,0df5f7c1,Matti Key,2025-04-04,13:50:43,-07:00,2025-04-04T13:50:43-07:00,0,5
resume/index.html,15,html,0df5f7c1,Matti Key,2025-04-04,13:50:43,-07:00,2025-04-04T13:50:43-07:00,0,8
resume/index.html,16,html,0df5f7c1,Matti Key,2025-04-04,13:50:43,-07:00,2025-04-04T13:50:43-07:00,0,17
resume/index.html,17,html,0df5f7c1,Matti Key,2025-04-04,13:50:43,-07:00,2025-04-04T13:50:43-07:00,0,8
resume/index.html,18,html,0df5f7c1,Matti Key,2025-04-04,13:50:43,-07:00,2025-04-04T13:50:43-07:00,0,60
resume/index.html,19,html,0df5f7c1,Matti Key,2025-04-04,13:50:43,-07:00,2025-04-04T13:50:43-07:00,0,88
resume/index.html,20,html,0df5f7c1,Matti Key,2025-04-04,13:50:43,-07:00,2025-04-04T13:50:43-07:00,0,27
resume/index.html,21,html,1c4e8d57,Matti Key,2025-04-04,18:26:02,-07:00,2025-04-04T18:26:02-07:00,0,25
resume/index.html,22,html,0df5f7c1,Matti Key,2025-04-04,13:50:43,-07:00,2025-04-04T13:50:43-07:00,0,82
resume/index.html,23,html,0df5f7c1,Matti Key,2025-04-04,13:50:43,-07:00,2025-04-04T13:50:43-07:00,0,9
resume/index.html,24,html,0df5f7c1,Matti Key,2025-04-04,13:50:43,-07:00,2025-04-04T13:50:43-07:00,0,9
resume/index.html,25,html,0df5f7c1,Matti Key,2025-04-04,13:50:43,-07:00,2025-04-04T13:50:43-07:00,0,0
resume/index.html,26,html,0df5f7c1,Matti Key,2025-04-04,13:50:43,-07:00,2025-04-04T13:50:43-07:00,0,8
resume/index.html,27,html,0df5f7c1,Matti Key,2025-04-04,13:50:43,-07:00,2025-04-04T13:50:43-07:00,0,18
resume/index.html,28,html,0df5f7c1,Matti Key,2025-04-04,13:50:43,-07:00,2025-04-04T13:50:43-07:00,0,8
resume/index.html,29,html,0df5f7c1,Matti Key,2025-04-04,13:50:43,-07:00,2025-04-04T13:50:43-07:00,0,71
resume/index.html,30,html,0df5f7c1,Matti Key,2025-04-04,13:50:43,-07:00,2025-04-04T13:50:43-07:00,0,82
resume/index.html,31,html,0df5f7c1,Matti Key,2025-04-04,13:50:43,-07:00,2025-04-04T13:50:43-07:00,0,3
resume/index.html,32,html,1c4e8d57,Matti Key,2025-04-04,18:26:02,-07:00,2025-04-04T18:26:02-07:00,0,94
resume/index.html,33,html,1c4e8d57,Matti Key,2025-04-04,18:26:02,-07:00,2025-04-04T18:26:02-07:00,0,87
resume/index.html,34,html,1c4e8d57,Matti Key,2025-04-04,18:26:02,-07:00,2025-04-04T18:26:02-07:00,0,89
resume/index.html,35,html,1c4e8d57,Matti Key,2025-04-04,18:26:02,-07:00,2025-04-04T18:26:02-07:00,0,94
resume/index.html,36,html,1c4e8d57,Matti Key,2025-04-04,18:26:02,-07:00,2025-04-04T18:26:02-07:00,0,87
resume/index.html,37,html,1c4e8d57,Matti Key,2025-04-04,18:26:02,-07:00,2025-04-04T18:26:02-07:00,0,36
resume/index.html,38,html,0df5f7c1,Matti Key,2025-04-04,13:50:43,-07:00,2025-04-04T13:50:43-07:00,0,4
resume/index.html,39,html,0df5f7c1,Matti Key,2025-04-04,13:50:43,-07:00,2025-04-04T13:50:43-07:00,0,9
resume/index.html,40,html,0df5f7c1,Matti Key,2025-04-04,13:50:43,-07:00,2025-04-04T13:50:43-07:00,0,0
resume/index.html,41,html,0df5f7c1,Matti Key,2025-04-04,13:50:43,-07:00,2025-04-04T13:50:43-07:00,0,8
resume/index.html,42,html,0df5f7c1,Matti Key,2025-04-04,13:50:43,-07:00,2025-04-04T13:50:43-07:00,0,58
resume/index.html,43,html,0df5f7c1,Matti Key,2025-04-04,13:50:43,-07:00,2025-04-04T13:50:43-07:00,0,82
resume/index.html,44,html,0df5f7c1,Matti Key,2025-04-04,13:50:43,-07:00,2025-04-04T13:50:43-07:00,0,3
resume/index.html,45,html,0df5f7c1,Matti Key,2025-04-04,13:50:43,-07:00,2025-04-04T13:50:43-07:00,0,78
resume/index.html,46,html,0df5f7c1,Matti Key,2025-04-04,13:50:43,-07:00,2025-04-04T13:50:43-07:00,0,85
resume/index.html,47,html,0df5f7c1,Matti Key,2025-04-04,13:50:43,-07:00,2025-04-04T13:50:43-07:00,0,4
resume/index.html,48,html,0df5f7c1,Matti Key,2025-04-04,13:50:43,-07:00,2025-04-04T13:50:43-07:00,0,9
resume/index.html,49,html,0df5f7c1,Matti Key,2025-04-04,13:50:43,-07:00,2025-04-04T13:50:43-07:00,0,9
resume/index.html,50,html,0df5f7c1,Matti Key,2025-04-04,13:50:43,-07:00,2025-04-04T13:50:43-07:00,0,0
resume/index.html,51,html,0df5f7c1,Matti Key,2025-04-04,13:50:43,-07:00,2025-04-04T13:50:43-07:00,0,8
resume/index.html,52,html,0df5f7c1,Matti Key,2025-04-04,13:50:43,-07:00,2025-04-04T13:50:43-07:00,0,14
resume/index.html,53,html,0df5f7c1,Matti Key,2025-04-04,13:50:43,-07:00,2025-04-04T13:50:43-07:00,0,3
resume/index.html,54,html,0df5f7c1,Matti Key,2025-04-04,13:50:43,-07:00,2025-04-04T13:50:43-07:00,0,52
resume/index.html,55,html,1c4e8d57,Matti Key,2025-04-04,18:26:02,-07:00,2025-04-04T18:26:02-07:00,0,63
resume/index.html,56,html,1c4e8d57,Matti Key,2025-04-04,18:26:02,-07:00,2025-04-04T18:26:02-07:00,0,62
resume/index.html,57,html,1c4e8d57,Matti Key,2025-04-04,18:26:02,-07:00,2025-04-04T18:26:02-07:00,0,4
resume/index.html,58,html,1c4e8d57,Matti Key,2025-04-04,18:26:02,-07:00,2025-04-04T18:26:02-07:00,0,9
resume/index.html,59,html,1c4e8d57,Matti Key,2025-04-04,18:26:02,-07:00,2025-04-04T18:26:02-07:00,0,0
resume/index.html,60,html,1c4e8d57,Matti Key,2025-04-04,18:26:02,-07:00,2025-04-04T18:26:02-07:00,0,8
resume/index.html,61,html,1c4e8d57,Matti Key,2025-04-04,18:26:02,-07:00,2025-04-04T18:26:02-07:00,0,37
resume/index.html,62,html,1c4e8d57,Matti Key,2025-04-04,18:26:02,-07:00,2025-04-04T18:26:02-07:00,0,50
resume/index.html,63,html,1c4e8d57,Matti Key,2025-04-04,18:26:02,-07:00,2025-04-04T18:26:02-07:00,0,3
resume/index.html,64,html,1c4e8d57,Matti Key,2025-04-04,18:26:02,-07:00,2025-04-04T18:26:02-07:00,0,84
resume/index.html,65,html,1c4e8d57,Matti Key,2025-04-04,18:26:02,-07:00,2025-04-04T18:26:02-07:00,0,78
resume/index.html,66,html,1c4e8d57,Matti Key,2025-04-04,18:26:02,-07:00,2025-04-04T18:26:02-07:00,0,4
resume/index.html,67,html,1c4e8d57,Matti Key,2025-04-04,18:26:02,-07:00,2025-04-04T18:26:02-07:00,0,60
resume/index.html,68,html,1c4e8d57,Matti Key,2025-04-04,18:26:02,-07:00,2025-04-04T18:26:02-07:00,0,3
resume/index.html,69,html,1c4e8d57,Matti Key,2025-04-04,18:26:02,-07:00,2025-04-04T18:26:02-07:00,0,100
resume/index.html,70,html,0df5f7c1,Matti Key,2025-04-04,13:50:43,-07:00,2025-04-04T13:50:43-07:00,0,4
resume/index.html,71,html,0df5f7c1,Matti Key,2025-04-04,13:50:43,-07:00,2025-04-04T13:50:43-07:00,0,9
resume/index.html,72,html,0df5f7c1,Matti Key,2025-04-04,13:50:43,-07:00,2025-04-04T13:50:43-07:00,0,0
resume/index.html,73,html,0df5f7c1,Matti Key,2025-04-04,13:50:43,-07:00,2025-04-04T13:50:43-07:00,0,8
resume/index.html,74,html,0df5f7c1,Matti Key,2025-04-04,13:50:43,-07:00,2025-04-04T13:50:43-07:00,0,23
resume/index.html,75,html,0df5f7c1,Matti Key,2025-04-04,13:50:43,-07:00,2025-04-04T13:50:43-07:00,0,3
resume/index.html,76,html,0df5f7c1,Matti Key,2025-04-04,13:50:43,-07:00,2025-04-04T13:50:43-07:00,0,68
resume/index.html,77,html,0df5f7c1,Matti Key,2025-04-04,13:50:43,-07:00,2025-04-04T13:50:43-07:00,0,80
resume/index.html,78,html,0df5f7c1,Matti Key,2025-04-04,13:50:43,-07:00,2025-04-04T13:50:43-07:00,0,4
resume/index.html,79,html,0df5f7c1,Matti Key,2025-04-04,13:50:43,-07:00,2025-04-04T13:50:43-07:00,0,9
resume/index.html,80,html,0df5f7c1,Matti Key,2025-04-04,13:50:43,-07:00,2025-04-04T13:50:43-07:00,0,6
resume/index.html,81,html,0df5f7c1,Matti Key,2025-04-04,13:50:43,-07:00,2025-04-04T13:50:43-07:00,0,6
resume/index.html,82,html,0df5f7c1,Matti Key,2025-04-04,13:50:43,-07:00,2025-04-04T13:50:43-07:00,0,6
projects/projects.js,1,js,63b37af7,Matti Key,2025-04-25,11:38:54,-07:00,2025-04-25T11:38:54-07:00,0,56
projects/projects.js,2,js,6e2e0ad8,Matti Key,2025-05-01,18:04:01,-07:00,2025-05-01T18:04:01-07:00,0,64
projects/projects.js,3,js,63b37af7,Matti Key,2025-04-25,11:38:54,-07:00,2025-04-25T11:38:54-07:00,0,0
projects/projects.js,4,js,63b37af7,Matti Key,2025-04-25,11:38:54,-07:00,2025-04-25T11:38:54-07:00,0,56
projects/projects.js,5,js,63b37af7,Matti Key,2025-04-25,11:38:54,-07:00,2025-04-25T11:38:54-07:00,0,61
projects/projects.js,6,js,63b37af7,Matti Key,2025-04-25,11:38:54,-07:00,2025-04-25T11:38:54-07:00,0,49
projects/projects.js,7,js,63b37af7,Matti Key,2025-04-25,11:38:54,-07:00,2025-04-25T11:38:54-07:00,0,55
projects/projects.js,8,js,63b37af7,Matti Key,2025-04-25,11:38:54,-07:00,2025-04-25T11:38:54-07:00,0,62
projects/projects.js,9,js,63b37af7,Matti Key,2025-04-25,11:38:54,-07:00,2025-04-25T11:38:54-07:00,0,0
projects/projects.js,10,js,6e2e0ad8,Matti Key,2025-05-01,18:04:01,-07:00,2025-05-01T18:04:01-07:00,0,0
projects/projects.js,11,js,6e2e0ad8,Matti Key,2025-05-01,18:04:01,-07:00,2025-05-01T18:04:01-07:00,0,14
projects/projects.js,12,js,6e2e0ad8,Matti Key,2025-05-01,18:04:01,-07:00,2025-05-01T18:04:01-07:00,0,23
projects/projects.js,13,js,6e2e0ad8,Matti Key,2025-05-01,18:04:01,-07:00,2025-05-01T18:04:01-07:00,0,0
projects/projects.js,14,js,6e2e0ad8,Matti Key,2025-05-01,18:04:01,-07:00,2025-05-01T18:04:01-07:00,0,49
projects/projects.js,15,js,6e2e0ad8,Matti Key,2025-05-01,18:04:01,-07:00,2025-05-01T18:04:01-07:00,0,24
projects/projects.js,16,js,6e2e0ad8,Matti Key,2025-05-01,18:04:01,-07:00,2025-05-01T18:04:01-07:00,0,0
projects/projects.js,17,js,6e2e0ad8,Matti Key,2025-05-01,18:04:01,-07:00,2025-05-01T18:04:01-07:00,0,56
projects/projects.js,18,js,6e2e0ad8,Matti Key,2025-05-01,18:04:01,-07:00,2025-05-01T18:04:01-07:00,0,46
projects/projects.js,19,js,6e2e0ad8,Matti Key,2025-05-01,18:04:01,-07:00,2025-05-01T18:04:01-07:00,0,36
projects/projects.js,20,js,6e2e0ad8,Matti Key,2025-05-01,18:04:01,-07:00,2025-05-01T18:04:01-07:00,0,20
projects/projects.js,21,js,6e2e0ad8,Matti Key,2025-05-01,18:04:01,-07:00,2025-05-01T18:04:01-07:00,0,2
projects/projects.js,22,js,6e2e0ad8,Matti Key,2025-05-01,18:04:01,-07:00,2025-05-01T18:04:01-07:00,0,0
projects/projects.js,23,js,6e2e0ad8,Matti Key,2025-05-01,18:04:01,-07:00,2025-05-01T18:04:01-07:00,0,30
projects/projects.js,24,js,6e2e0ad8,Matti Key,2025-05-01,18:04:01,-07:00,2025-05-01T18:04:01-07:00,0,38
projects/projects.js,25,js,6e2e0ad8,Matti Key,2025-05-01,18:04:01,-07:00,2025-05-01T18:04:01-07:00,0,75
projects/projects.js,26,js,6e2e0ad8,Matti Key,2025-05-01,18:04:01,-07:00,2025-05-01T18:04:01-07:00,0,63
projects/projects.js,27,js,6e2e0ad8,Matti Key,2025-05-01,18:04:01,-07:00,2025-05-01T18:04:01-07:00,0,30
projects/projects.js,28,js,6e2e0ad8,Matti Key,2025-05-01,18:04:01,-07:00,2025-05-01T18:04:01-07:00,0,2
projects/projects.js,29,js,6e2e0ad8,Matti Key,2025-05-01,18:04:01,-07:00,2025-05-01T18:04:01-07:00,0,0
projects/projects.js,30,js,6e2e0ad8,Matti Key,2025-05-01,18:04:01,-07:00,2025-05-01T18:04:01-07:00,0,0
projects/projects.js,31,js,6e2e0ad8,Matti Key,2025-05-01,18:04:01,-07:00,2025-05-01T18:04:01-07:00,0,49
projects/projects.js,32,js,6e2e0ad8,Matti Key,2025-05-01,18:04:01,-07:00,2025-05-01T18:04:01-07:00,0,24
projects/projects.js,33,js,6e2e0ad8,Matti Key,2025-05-01,18:04:01,-07:00,2025-05-01T18:04:01-07:00,0,0
projects/projects.js,34,js,6e2e0ad8,Matti Key,2025-05-01,18:04:01,-07:00,2025-05-01T18:04:01-07:00,0,0
projects/projects.js,35,js,6e2e0ad8,Matti Key,2025-05-01,18:04:01,-07:00,2025-05-01T18:04:01-07:00,0,39
projects/projects.js,36,js,6e2e0ad8,Matti Key,2025-05-01,18:04:01,-07:00,2025-05-01T18:04:01-07:00,0,43
projects/projects.js,37,js,6e2e0ad8,Matti Key,2025-05-01,18:04:01,-07:00,2025-05-01T18:04:01-07:00,0,35
projects/projects.js,38,js,6e2e0ad8,Matti Key,2025-05-01,18:04:01,-07:00,2025-05-01T18:04:01-07:00,0,0
projects/projects.js,39,js,6e2e0ad8,Matti Key,2025-05-01,18:04:01,-07:00,2025-05-01T18:04:01-07:00,0,30
projects/projects.js,40,js,6e2e0ad8,Matti Key,2025-05-01,18:04:01,-07:00,2025-05-01T18:04:01-07:00,0,31
projects/projects.js,41,js,6e2e0ad8,Matti Key,2025-05-01,18:04:01,-07:00,2025-05-01T18:04:01-07:00,0,0
projects/projects.js,42,js,6e2e0ad8,Matti Key,2025-05-01,18:04:01,-07:00,2025-05-01T18:04:01-07:00,0,29
projects/projects.js,43,js,6e2e0ad8,Matti Key,2025-05-01,18:04:01,-07:00,2025-05-01T18:04:01-07:00,0,13
projects/projects.js,44,js,6e2e0ad8,Matti Key,2025-05-01,18:04:01,-07:00,2025-05-01T18:04:01-07:00,0,13
projects/projects.js,45,js,6e2e0ad8,Matti Key,2025-05-01,18:04:01,-07:00,2025-05-01T18:04:01-07:00,0,10
projects/projects.js,46,js,6e2e0ad8,Matti Key,2025-05-01,18:04:01,-07:00,2025-05-01T18:04:01-07:00,0,1
projects/projects.js,47,js,6e2e0ad8,Matti Key,2025-05-01,18:04:01,-07:00,2025-05-01T18:04:01-07:00,0,0
projects/projects.js,48,js,6e2e0ad8,Matti Key,2025-05-01,18:04:01,-07:00,2025-05-01T18:04:01-07:00,0,79
projects/projects.js,49,js,6e2e0ad8,Matti Key,2025-05-01,18:04:01,-07:00,2025-05-01T18:04:01-07:00,0,40
projects/projects.js,50,js,6e2e0ad8,Matti Key,2025-05-01,18:04:01,-07:00,2025-05-01T18:04:01-07:00,0,25
projects/projects.js,51,js,6e2e0ad8,Matti Key,2025-05-01,18:04:01,-07:00,2025-05-01T18:04:01-07:00,0,60
projects/projects.js,52,js,6e2e0ad8,Matti Key,2025-05-01,18:04:01,-07:00,2025-05-01T18:04:01-07:00,0,38
projects/projects.js,53,js,6e2e0ad8,Matti Key,2025-05-01,18:04:01,-07:00,2025-05-01T18:04:01-07:00,0,50
projects/projects.js,54,js,6e2e0ad8,Matti Key,2025-05-01,18:04:01,-07:00,2025-05-01T18:04:01-07:00,0,0
projects/projects.js,55,js,6e2e0ad8,Matti Key,2025-05-01,18:04:01,-07:00,2025-05-01T18:04:01-07:00,0,25
projects/projects.js,56,js,6e2e0ad8,Matti Key,2025-05-01,18:04:01,-07:00,2025-05-01T18:04:01-07:00,0,17
projects/projects.js,57,js,6e2e0ad8,Matti Key,2025-05-01,18:04:01,-07:00,2025-05-01T18:04:01-07:00,0,14
projects/projects.js,58,js,6e2e0ad8,Matti Key,2025-05-01,18:04:01,-07:00,2025-05-01T18:04:01-07:00,0,23
projects/projects.js,59,js,6e2e0ad8,Matti Key,2025-05-01,18:04:01,-07:00,2025-05-01T18:04:01-07:00,0,63
projects/projects.js,60,js,6e2e0ad8,Matti Key,2025-05-01,18:04:01,-07:00,2025-05-01T18:04:01-07:00,0,19
projects/projects.js,61,js,6e2e0ad8,Matti Key,2025-05-01,18:04:01,-07:00,2025-05-01T18:04:01-07:00,0,68
projects/projects.js,62,js,6e2e0ad8,Matti Key,2025-05-01,18:04:01,-07:00,2025-05-01T18:04:01-07:00,0,20
projects/projects.js,63,js,6e2e0ad8,Matti Key,2025-05-01,18:04:01,-07:00,2025-05-01T18:04:01-07:00,0,2
projects/projects.js,64,js,6e2e0ad8,Matti Key,2025-05-01,18:04:01,-07:00,2025-05-01T18:04:01-07:00,0,2
projects/projects.js,65,js,6e2e0ad8,Matti Key,2025-05-01,18:04:01,-07:00,2025-05-01T18:04:01-07:00,0,0
projects/projects.js,66,js,6e2e0ad8,Matti Key,2025-05-01,18:04:01,-07:00,2025-05-01T18:04:01-07:00,0,23
projects/projects.js,67,js,6e2e0ad8,Matti Key,2025-05-01,18:04:01,-07:00,2025-05-01T18:04:01-07:00,0,18
projects/projects.js,68,js,6e2e0ad8,Matti Key,2025-05-01,18:04:01,-07:00,2025-05-01T18:04:01-07:00,0,37
projects/projects.js,69,js,6e2e0ad8,Matti Key,2025-05-01,18:04:01,-07:00,2025-05-01T18:04:01-07:00,0,57
projects/projects.js,70,js,6e2e0ad8,Matti Key,2025-05-01,18:04:01,-07:00,2025-05-01T18:04:01-07:00,0,69
projects/projects.js,71,js,6e2e0ad8,Matti Key,2025-05-01,18:04:01,-07:00,2025-05-01T18:04:01-07:00,0,19
projects/projects.js,72,js,6e2e0ad8,Matti Key,2025-05-01,18:04:01,-07:00,2025-05-01T18:04:01-07:00,0,56
projects/projects.js,73,js,6e2e0ad8,Matti Key,2025-05-01,18:04:01,-07:00,2025-05-01T18:04:01-07:00,0,20
projects/projects.js,74,js,6e2e0ad8,Matti Key,2025-05-01,18:04:01,-07:00,2025-05-01T18:04:01-07:00,0,2
projects/projects.js,75,js,6e2e0ad8,Matti Key,2025-05-01,18:04:01,-07:00,2025-05-01T18:04:01-07:00,0,2
projects/projects.js,76,js,6e2e0ad8,Matti Key,2025-05-01,18:04:01,-07:00,2025-05-01T18:04:01-07:00,0,0
projects/index.html,1,html,2b861f1b,Matti Key,2025-04-03,12:04:19,-07:00,2025-04-03T12:04:19-07:00,0,14
projects/index.html,2,html,2b861f1b,Matti Key,2025-04-03,12:04:19,-07:00,2025-04-03T12:04:19-07:00,0,15
projects/index.html,3,html,23a1b7ec,Matti Key,2025-04-10,21:34:02,-04:00,2025-04-10T21:34:02-04:00,0,5
projects/index.html,4,html,2b861f1b,Matti Key,2025-04-03,12:04:19,-07:00,2025-04-03T12:04:19-07:00,0,21
projects/index.html,5,html,2b861f1b,Matti Key,2025-04-03,12:04:19,-07:00,2025-04-03T12:04:19-07:00,0,69
projects/index.html,6,html,2b861f1b,Matti Key,2025-04-03,12:04:19,-07:00,2025-04-03T12:04:19-07:00,0,33
projects/index.html,7,html,23a1b7ec,Matti Key,2025-04-10,21:34:02,-04:00,2025-04-10T21:34:02-04:00,0,42
projects/index.html,8,html,63b37af7,Matti Key,2025-04-25,11:38:54,-07:00,2025-04-25T11:38:54-07:00,0,49
projects/index.html,9,html,63b37af7,Matti Key,2025-04-25,11:38:54,-07:00,2025-04-25T11:38:54-07:00,0,48
projects/index.html,10,html,23a1b7ec,Matti Key,2025-04-10,21:34:02,-04:00,2025-04-10T21:34:02-04:00,0,6
projects/index.html,11,html,23a1b7ec,Matti Key,2025-04-10,21:34:02,-04:00,2025-04-10T21:34:02-04:00,0,5
projects/index.html,12,html,63b37af7,Matti Key,2025-04-25,11:38:54,-07:00,2025-04-25T11:38:54-07:00,0,33
projects/index.html,13,html,6e2e0ad8,Matti Key,2025-05-01,18:04:01,-07:00,2025-05-01T18:04:01-07:00,0,28
projects/index.html,14,html,6e2e0ad8,Matti Key,2025-05-01,18:04:01,-07:00,2025-05-01T18:04:01-07:00,0,59
projects/index.html,15,html,6e2e0ad8,Matti Key,2025-05-01,18:04:01,-07:00,2025-05-01T18:04:01-07:00,0,23
projects/index.html,16,html,6e2e0ad8,Matti Key,2025-05-01,18:04:01,-07:00,2025-05-01T18:04:01-07:00,0,5
projects/index.html,17,html,6e2e0ad8,Matti Key,2025-05-01,18:04:01,-07:00,2025-05-01T18:04:01-07:00,0,5
projects/index.html,18,html,6e2e0ad8,Matti Key,2025-05-01,18:04:01,-07:00,2025-05-01T18:04:01-07:00,0,16
projects/index.html,19,html,6e2e0ad8,Matti Key,2025-05-01,18:04:01,-07:00,2025-05-01T18:04:01-07:00,0,12
projects/index.html,20,html,6e2e0ad8,Matti Key,2025-05-01,18:04:01,-07:00,2025-05-01T18:04:01-07:00,0,27
projects/index.html,21,html,6e2e0ad8,Matti Key,2025-05-01,18:04:01,-07:00,2025-05-01T18:04:01-07:00,0,32
projects/index.html,22,html,6e2e0ad8,Matti Key,2025-05-01,18:04:01,-07:00,2025-05-01T18:04:01-07:00,0,1
projects/index.html,23,html,63b37af7,Matti Key,2025-04-25,11:38:54,-07:00,2025-04-25T11:38:54-07:00,0,27
projects/index.html,24,html,23a1b7ec,Matti Key,2025-04-10,21:34:02,-04:00,2025-04-10T21:34:02-04:00,0,6
projects/index.html,25,html,2b861f1b,Matti Key,2025-04-03,12:04:19,-07:00,2025-04-03T12:04:19-07:00,0,6
projects/index.html,26,html,63b37af7,Matti Key,2025-04-25,11:38:54,-07:00,2025-04-25T11:38:54-07:00,0,0
contact/index.html,1,html,2b861f1b,Matti Key,2025-04-03,12:04:19,-07:00,2025-04-03T12:04:19-07:00,0,14
contact/index.html,2,html,2b861f1b,Matti Key,2025-04-03,12:04:19,-07:00,2025-04-03T12:04:19-07:00,0,15
contact/index.html,3,html,2b861f1b,Matti Key,2025-04-03,12:04:19,-07:00,2025-04-03T12:04:19-07:00,0,5
contact/index.html,4,html,2b861f1b,Matti Key,2025-04-03,12:04:19,-07:00,2025-04-03T12:04:19-07:00,0,21
contact/index.html,5,html,2b861f1b,Matti Key,2025-04-03,12:04:19,-07:00,2025-04-03T12:04:19-07:00,0,69
contact/index.html,6,html,2b861f1b,Matti Key,2025-04-03,12:04:19,-07:00,2025-04-03T12:04:19-07:00,0,32
contact/index.html,7,html,23a1b7ec,Matti Key,2025-04-10,21:34:02,-04:00,2025-04-10T21:34:02-04:00,0,42
contact/index.html,8,html,c8894af3,Matti Key,2025-04-17,16:17:22,-07:00,2025-04-17T16:17:22-07:00,0,49
contact/index.html,9,html,c8894af3,Matti Key,2025-04-17,16:17:22,-07:00,2025-04-17T16:17:22-07:00,0,0
contact/index.html,10,html,2b861f1b,Matti Key,2025-04-03,12:04:19,-07:00,2025-04-03T12:04:19-07:00,0,6
contact/index.html,11,html,2b861f1b,Matti Key,2025-04-03,12:04:19,-07:00,2025-04-03T12:04:19-07:00,0,5
contact/index.html,12,html,2b861f1b,Matti Key,2025-04-03,12:04:19,-07:00,2025-04-03T12:04:19-07:00,0,18
contact/index.html,13,html,23a1b7ec,Matti Key,2025-04-10,21:34:02,-04:00,2025-04-10T21:34:02-04:00,0,0
contact/index.html,14,html,c8894af3,Matti Key,2025-04-17,16:17:22,-07:00,2025-04-17T16:17:22-07:00,0,48
contact/index.html,15,html,23a1b7ec,Matti Key,2025-04-10,21:34:02,-04:00,2025-04-10T21:34:02-04:00,0,6
contact/index.html,16,html,c8894af3,Matti Key,2025-04-17,16:17:22,-07:00,2025-04-17T16:17:22-07:00,0,7
contact/index.html,17,html,c8894af3,Matti Key,2025-04-17,16:17:22,-07:00,2025-04-17T16:17:22-07:00,0,42
contact/index.html,18,html,23a1b7ec,Matti Key,2025-04-10,21:34:02,-04:00,2025-04-10T21:34:02-04:00,0,7
contact/index.html,19,html,23a1b7ec,Matti Key,2025-04-10,21:34:02,-04:00,2025-04-10T21:34:02-04:00,0,6
contact/index.html,20,html,c8894af3,Matti Key,2025-04-17,16:17:22,-07:00,2025-04-17T16:17:22-07:00,0,7
contact/index.html,21,html,c8894af3,Matti Key,2025-04-17,16:17:22,-07:00,2025-04-17T16:17:22-07:00,0,41
contact/index.html,22,html,23a1b7ec,Matti Key,2025-04-10,21:34:02,-04:00,2025-04-10T21:34:02-04:00,0,7
contact/index.html,23,html,c8894af3,Matti Key,2025-04-17,16:17:22,-07:00,2025-04-17T16:17:22-07:00,0,40
contact/index.html,24,html,23a1b7ec,Matti Key,2025-04-10,21:34:02,-04:00,2025-04-10T21:34:02-04:00,0,6
contact/index.html,25,html,c8894af3,Matti Key,2025-04-17,16:17:22,-07:00,2025-04-17T16:17:22-07:00,0,0
contact/index.html,26,html,2b861f1b,Matti Key,2025-04-03,12:04:19,-07:00,2025-04-03T12:04:19-07:00,0,6
contact/index.html,27,html,23a1b7ec,Matti Key,2025-04-10,21:34:02,-04:00,2025-04-10T21:34:02-04:00,0,6
